{"cameraMode":{"drawMode":0,"name":"Shaded","section":"Shading Mode"},"sceneLighting":true,"audioPlay":false,"sceneViewState":{"showFog":true,"showMaterialUpdate":true,"showSkybox":true,"showFlares":true,"showImageEffects":true,"showParticleSystems":true},"in2DMode":false,"pivot":{"x":-1.0568511486053467,"y":-1.9044126272201539,"z":-0.3657539188861847},"rotation":{"x":-0.2041632980108261,"y":0.7652934789657593,"z":-0.27361395955085757,"w":-0.5474228858947754},"size":2.9660251140594484,"orthographic":false}