{"cameraMode":{"drawMode":0,"name":"Shaded","section":"Shading Mode"},"sceneLighting":true,"audioPlay":false,"sceneViewState":{"showFog":true,"showMaterialUpdate":true,"showSkybox":true,"showFlares":true,"showImageEffects":true,"showParticleSystems":true},"in2DMode":false,"pivot":{"x":-1.2399529218673707,"y":-0.4020601511001587,"z":-1.2715215682983399},"rotation":{"x":-0.011088524013757706,"y":0.9813411831855774,"z":-0.19149872660636903,"w":-0.016362905502319337},"size":1.6538734436035157,"orthographic":false}