{"cameraMode":{"drawMode":0,"name":"Shaded","section":"Shading Mode"},"sceneLighting":true,"audioPlay":false,"sceneViewState":{"showFog":true,"showMaterialUpdate":true,"showSkybox":true,"showFlares":true,"showImageEffects":true,"showParticleSystems":true},"in2DMode":false,"pivot":{"x":-0.0001488588168285787,"y":-1.7407257556915284,"z":-1.956268310546875},"rotation":{"x":0.052884675562381747,"y":-0.951913058757782,"z":0.2579495310783386,"w":0.16193966567516328},"size":3.7370831966400148,"orthographic":false}