{"cameraMode":{"drawMode":0,"name":"Shaded","section":"Shading Mode"},"sceneLighting":true,"audioPlay":false,"sceneViewState":{"showFog":true,"showMaterialUpdate":true,"showSkybox":true,"showFlares":true,"showImageEffects":true,"showParticleSystems":true},"in2DMode":false,"pivot":{"x":-4.900118827819824,"y":-1.4732164144515992,"z":-6.5016584396362309},"rotation":{"x":0.029501216486096383,"y":-0.9756118655204773,"z":0.11722590774297714,"w":0.18710759282112122},"size":3.753873109817505,"orthographic":false}