{"cameraMode":{"drawMode":0,"name":"Shaded","section":"Shading Mode"},"sceneLighting":true,"audioPlay":false,"sceneViewState":{"showFog":true,"showMaterialUpdate":true,"showSkybox":true,"showFlares":true,"showImageEffects":true,"showParticleSystems":true},"in2DMode":false,"pivot":{"x":64.09184265136719,"y":-8.144476890563965,"z":-1.515055537223816},"rotation":{"x":0.0435870960354805,"y":0.716842770576477,"z":-0.07090523093938828,"w":0.6941924095153809},"size":34.15017318725586,"orthographic":false}