{"cameraMode":{"drawMode":0,"name":"Shaded","section":"Shading Mode"},"sceneLighting":true,"audioPlay":false,"sceneViewState":{"showFog":true,"showMaterialUpdate":true,"showSkybox":true,"showFlares":true,"showImageEffects":true,"showParticleSystems":true},"in2DMode":false,"pivot":{"x":-18.273557662963868,"y":-7.737969875335693,"z":21.798837661743165},"rotation":{"x":-0.13363589346408845,"y":0.39209678769111636,"z":-0.04791500046849251,"w":-0.9091562628746033},"size":16.923236846923829,"orthographic":false}