{"cameraMode":{"drawMode":0,"name":"Shaded","section":"Shading Mode"},"sceneLighting":true,"audioPlay":false,"sceneViewState":{"showFog":true,"showMaterialUpdate":true,"showSkybox":true,"showFlares":true,"showImageEffects":true,"showParticleSystems":true},"in2DMode":false,"pivot":{"x":17.13836669921875,"y":-16.816146850585939,"z":-18.418994903564454},"rotation":{"x":-0.07647883892059326,"y":-0.9142616987228394,"z":0.26925721764564516,"w":-0.2968362867832184},"size":17.401676177978517,"orthographic":false}