{"cameraMode":{"drawMode":0,"name":"Shaded","section":"Shading Mode"},"sceneLighting":true,"audioPlay":false,"sceneViewState":{"showFog":true,"showMaterialUpdate":true,"showSkybox":true,"showFlares":true,"showImageEffects":true,"showParticleSystems":true},"in2DMode":false,"pivot":{"x":-29.22130012512207,"y":-8.326860427856446,"z":3.8218116760253908},"rotation":{"x":0.1169448271393776,"y":-0.60694819688797,"z":0.09267491102218628,"w":0.7811411619186401},"size":14.865190505981446,"orthographic":false}