{"cameraMode":{"drawMode":0,"name":"Shaded","section":"Shading Mode"},"sceneLighting":true,"audioPlay":false,"sceneViewState":{"showFog":true,"showMaterialUpdate":true,"showSkybox":true,"showFlares":true,"showImageEffects":true,"showParticleSystems":true},"in2DMode":false,"pivot":{"x":-15.502594947814942,"y":-24.8786563873291,"z":-48.56846618652344},"rotation":{"x":-0.03780364245176315,"y":0.9659518003463745,"z":-0.22432345151901246,"w":-0.12951506674289704},"size":29.250139236450197,"orthographic":false}