{"cameraMode":{"drawMode":0,"name":"Shaded","section":"Shading Mode"},"sceneLighting":true,"audioPlay":false,"sceneViewState":{"showFog":true,"showMaterialUpdate":true,"showSkybox":true,"showFlares":true,"showImageEffects":true,"showParticleSystems":true},"in2DMode":false,"pivot":{"x":1.5860828161239625,"y":-6.010419845581055,"z":-8.345831871032715},"rotation":{"x":0.026569973677396776,"y":0.9600075483322144,"z":-0.2635020315647125,"w":0.09600801765918732},"size":7.055351734161377,"orthographic":false}