{"cameraMode":{"drawMode":0,"name":"Shaded","section":"Shading Mode"},"sceneLighting":true,"audioPlay":false,"sceneViewState":{"showFog":true,"showMaterialUpdate":true,"showSkybox":true,"showFlares":true,"showImageEffects":true,"showParticleSystems":true},"in2DMode":false,"pivot":{"x":-19.759607315063478,"y":-10.921531677246094,"z":-23.953229904174806},"rotation":{"x":0.06731739640235901,"y":-0.9340832829475403,"z":0.1702038049697876,"w":0.31015512347221377},"size":17.35260772705078,"orthographic":false}