{"cameraMode":{"drawMode":0,"name":"Shaded","section":"Shading Mode"},"sceneLighting":true,"audioPlay":false,"sceneViewState":{"showFog":true,"showMaterialUpdate":true,"showSkybox":true,"showFlares":true,"showImageEffects":true,"showParticleSystems":true},"in2DMode":false,"pivot":{"x":-12.337369918823243,"y":-2.1914877891540529,"z":7.401490211486816},"rotation":{"x":0.1325458437204361,"y":-0.4800529479980469,"z":0.06685381382703781,"w":0.8653032779693604},"size":8.248449325561524,"orthographic":false}