{"cameraMode":{"drawMode":0,"name":"Shaded","section":"Shading Mode"},"sceneLighting":true,"audioPlay":false,"sceneViewState":{"showFog":true,"showMaterialUpdate":true,"showSkybox":true,"showFlares":true,"showImageEffects":true,"showParticleSystems":true},"in2DMode":false,"pivot":{"x":0.2567128539085388,"y":0.5162076950073242,"z":-0.5107710361480713},"rotation":{"x":-0.2721608579158783,"y":-0.5917168855667114,"z":0.22193193435668946,"w":-0.7257054448127747},"size":0.8660253882408142,"orthographic":false}