{"cameraMode":{"drawMode":0,"name":"Shaded","section":"Shading Mode"},"sceneLighting":true,"audioPlay":false,"sceneViewState":{"showFog":true,"showMaterialUpdate":true,"showSkybox":true,"showFlares":true,"showImageEffects":true,"showParticleSystems":true},"in2DMode":false,"pivot":{"x":1.964005947113037,"y":-0.6002475619316101,"z":-3.1775753498077394},"rotation":{"x":-0.002411787398159504,"y":-0.97626131772995,"z":0.03852693736553192,"w":-0.21760401129722596},"size":3.2660250663757326,"orthographic":false}