{"cameraMode":{"drawMode":0,"name":"Shaded","section":"Shading Mode"},"sceneLighting":true,"audioPlay":false,"sceneViewState":{"showFog":true,"showMaterialUpdate":true,"showSkybox":true,"showFlares":true,"showImageEffects":true,"showParticleSystems":true},"in2DMode":false,"pivot":{"x":-6.41837215423584,"y":-15.802316665649414,"z":-24.87872314453125},"rotation":{"x":-0.04388595372438431,"y":0.9605101943016052,"z":-0.2456020563840866,"w":-0.131764754652977},"size":18.170269012451173,"orthographic":false}