{"cameraMode":{"drawMode":0,"name":"Shaded","section":"Shading Mode"},"sceneLighting":true,"audioPlay":false,"sceneViewState":{"showFog":true,"showMaterialUpdate":true,"showSkybox":true,"showFlares":true,"showImageEffects":true,"showParticleSystems":true},"in2DMode":false,"pivot":{"x":17.182601928710939,"y":0.8793957233428955,"z":2.218484878540039},"rotation":{"x":-0.028306888416409494,"y":-0.6728420257568359,"z":0.04648250713944435,"w":-0.7396812438964844},"size":12.282995223999024,"orthographic":false}