{"cameraMode":{"drawMode":0,"name":"Shaded","section":"Shading Mode"},"sceneLighting":true,"audioPlay":false,"sceneViewState":{"showFog":true,"showMaterialUpdate":true,"showSkybox":true,"showFlares":true,"showImageEffects":true,"showParticleSystems":true},"in2DMode":false,"pivot":{"x":0.2818215787410736,"y":-1.7932355403900147,"z":-5.476359844207764},"rotation":{"x":0.01938914880156517,"y":0.977581799030304,"z":-0.1497926265001297,"w":0.15027467906475068},"size":4.654514789581299,"orthographic":false}